{
  "hidden_dims": [
    200,
    200,
    200,
    200,
    200
  ],
  "huber_delta": 0.0,
  "n_fourier_features": 0,
  "fourier_sigma": 2.0,
  "lbfgs_steps": 0,
  "learning_rate_max": 0.00011703388679635258,
  "learning_rate_min": 2.9621516588303503e-05,
  "weight_decay": 1.7073967431528118e-09,
  "weight_boundary_condition": 20.0,
  "weight_flux_scale": 10.0,
  "soft_bc": false,
  "sigma_residual_adaptive_sampling": 0.09216167670276527,
  "batch_size": 32,
  "n_rz_inner_samples": 512,
  "n_rz_boundary_samples": 256,
  "n_train": 1024,
  "warmup_epochs": 456,
  "decay_epochs": 1944
}